{"cameraMode":{"drawMode":0,"name":"Shaded","section":"Shading Mode"},"sceneLighting":true,"audioPlay":false,"sceneViewState":{"m_AlwaysRefresh":false,"showFog":true,"showSkybox":true,"showFlares":true,"showImageEffects":true,"showParticleSystems":true,"showVisualEffectGraphs":true,"m_FxEnabled":true},"in2DMode":false,"pivot":{"x":0.0443522185087204,"y":0.5367315411567688,"z":3.252209186553955},"rotation":{"x":-0.24508967995643617,"y":-0.2855449914932251,"z":0.07616443186998368,"w":-0.9235838055610657},"size":0.8822050094604492,"orthographic":false}